timestamp,energy,hour,day,month,day_of_week
2023-01-01 00:00:00,204.96714153011231,0,1,1,6
2023-01-01 01:00:00,201.1188148237171,1,1,1,6
2023-01-01 02:00:00,211.4735361891589,2,1,1,6
2023-01-01 03:00:00,222.70962830979585,3,1,1,6
2023-01-01 04:00:00,207.60174306964157,4,1,1,6
2023-01-01 05:00:00,210.040951534565,5,1,1,6
2023-01-01 06:00:00,230.5824822134016,6,1,1,6
2023-01-01 07:00:00,224.83569208968987,7,1,1,6
2023-01-01 08:00:00,214.79461135433647,8,1,1,6
2023-01-01 09:00:00,227.1941552744548,9,1,1,6
2023-01-01 10:00:00,219.3590585243301,10,1,1,6
2023-01-01 11:00:00,221.50052784115417,11,1,1,6
2023-01-01 12:00:00,230.6765261452617,12,1,1,6
2023-01-01 13:00:00,211.1524100553866,13,1,1,6
2023-01-01 14:00:00,214.98849439991588,14,1,1,6
2023-01-01 15:00:00,228.48651889981355,15,1,1,6
2023-01-01 16:00:00,225.76737800250208,16,1,1,6
2023-01-01 17:00:00,240.73455734345853,17,1,1,6
2023-01-01 18:00:00,230.1140892772544,18,1,1,6
2023-01-01 19:00:00,226.5753774368547,19,1,1,6
2023-01-01 20:00:00,256.7570580036356,20,1,1,6
2023-01-01 21:00:00,241.13952294242503,21,1,1,6
2023-01-01 22:00:00,245.26059579132365,22,1,1,6
2023-01-01 23:00:00,231.4141964463874,23,1,1,6
2023-01-02 00:00:00,241.17985665576228,0,2,1,0
2023-01-02 01:00:00,248.57814709079744,1,2,1,0
2023-01-02 02:00:00,236.6853375285432,2,2,1,0
2023-01-02 03:00:00,252.55790127397876,3,2,1,0
2023-01-02 04:00:00,243.27796082220132,4,2,1,0
2023-01-02 05:00:00,246.7274049628681,5,2,1,0
2023-01-02 06:00:00,243.8629375851699,6,2,1,0
2023-01-02 07:00:00,268.5135230964974,7,2,1,0
2023-01-02 08:00:00,249.8413055047769,8,2,1,0
2023-01-02 09:00:00,239.2595401437612,9,2,1,0
2023-01-02 10:00:00,257.7976551129104,10,2,1,0
2023-01-02 11:00:00,236.97517322265605,11,2,1,0
2023-01-02 12:00:00,250.760469808216,12,2,1,0
2023-01-02 13:00:00,228.44145889527405,13,2,1,0
2023-01-02 14:00:00,234.00231508719568,14,2,1,0
2023-01-02 15:00:00,248.38038088592205,15,2,1,0
2023-01-02 16:00:00,252.8077897172251,16,2,1,0
2023-01-02 17:00:00,246.03440060343223,17,2,1,0
2023-01-02 18:00:00,241.9508282853329,18,2,1,0
2023-01-02 19:00:00,238.77490587281443,19,2,1,0
2023-01-02 20:00:00,225.57470239288568,20,2,1,0
2023-01-02 21:00:00,231.6343788753336,21,2,1,0
2023-01-02 22:00:00,232.602075709102,22,2,1,0
2023-01-02 23:00:00,246.0621401155036,23,2,1,0
2023-01-03 00:00:00,237.12066872528192,0,3,1,1
2023-01-03 01:00:00,214.16328997516283,1,3,1,1
2023-01-03 02:00:00,233.0641101101093,2,3,1,1
2023-01-03 03:00:00,223.92733457694243,3,3,1,1
2023-01-03 04:00:00,218.8942543747298,4,3,1,1
2023-01-03 05:00:00,229.6012804857044,5,3,1,1
2023-01-03 06:00:00,231.55673942835412,6,3,1,1
2023-01-03 07:00:00,228.26855985632253,7,3,1,1
2023-01-03 08:00:00,208.22512348843932,8,3,1,1
2023-01-03 09:00:00,211.14509724839095,9,3,1,1
2023-01-03 10:00:00,215.134120705965,10,3,1,1
2023-01-03 11:00:00,219.13159631718568,11,3,1,1
2023-01-03 12:00:00,202.11557891036887,12,3,1,1
2023-01-03 13:00:00,202.5646084850286,13,3,1,1
2023-01-03 14:00:00,190.8606526513761,14,3,1,1
2023-01-03 15:00:00,187.45992165597843,15,3,1,1
2023-01-03 16:00:00,205.0466792485053,16,3,1,1
2023-01-03 17:00:00,207.99096469178156,17,3,1,1
2023-01-03 18:00:00,191.22956014660195,18,3,1,1
2023-01-03 19:00:00,199.526249247056,19,3,1,1
2023-01-03 20:00:00,190.6748592530253,20,3,1,1
2023-01-03 21:00:00,178.2072919812713,21,3,1,1
2023-01-03 22:00:00,185.9108586843876,22,3,1,1
2023-01-03 23:00:00,195.36001853124395,23,3,1,1
2023-01-04 00:00:00,177.3542833644843,0,4,1,2
2023-01-04 01:00:00,191.14768979436928,1,4,1,2
2023-01-04 02:00:00,147.1538684107451,2,4,1,2
2023-01-04 03:00:00,179.4871519216989,3,4,1,2
2023-01-04 04:00:00,170.12736352130926,4,4,1,2
2023-01-04 05:00:00,164.33258093466807,5,4,1,2
2023-01-04 06:00:00,166.3878637148454,6,4,1,2
2023-01-04 07:00:00,143.82864752695912,7,4,1,2
2023-01-04 08:00:00,159.8326004490738,8,4,1,2
2023-01-04 09:00:00,164.02052468325022,9,4,1,2
2023-01-04 10:00:00,173.7474729286941,10,4,1,2
2023-01-04 11:00:00,152.407726491509,11,4,1,2
2023-01-04 12:00:00,148.2336029579063,12,4,1,2
2023-01-04 13:00:00,150.1384784113871,13,4,1,2
2023-01-04 14:00:00,163.25989087113828,14,4,1,2
2023-01-04 15:00:00,156.45814278163982,15,4,1,2
2023-01-04 16:00:00,147.0550750715593,16,4,1,2
2023-01-04 17:00:00,156.7867288524758,17,4,1,2
2023-01-04 18:00:00,152.04728910439576,18,4,1,2
2023-01-04 19:00:00,160.3079507256124,19,4,1,2
2023-01-04 20:00:00,143.26962478321457,20,4,1,2
2023-01-04 21:00:00,146.8066866987579,21,4,1,2
2023-01-04 22:00:00,146.0803946637327,22,4,1,2
2023-01-04 23:00:00,135.40971527853338,23,4,1,2
2023-01-05 00:00:00,153.17456796378852,0,5,1,3
2023-01-05 01:00:00,153.11710820997212,1,5,1,3
2023-01-05 02:00:00,150.9748359207825,2,5,1,3
2023-01-05 03:00:00,149.1178867225342,3,5,1,3
2023-01-05 04:00:00,137.97166560974213,4,5,1,3
2023-01-05 05:00:00,148.70043604405168,5,5,1,3
2023-01-05 06:00:00,150.37920431997875,6,5,1,3
2023-01-05 07:00:00,146.79872829437184,7,5,1,3
2023-01-05 08:00:00,154.33694422773596,8,5,1,3
2023-01-05 09:00:00,161.22893331590964,9,5,1,3
2023-01-05 10:00:00,177.39612809551969,10,5,1,3
2023-01-05 11:00:00,161.72974183320943,11,5,1,3
2023-01-05 12:00:00,164.1093817815215,12,5,1,3
2023-01-05 13:00:00,162.43567069774343,13,5,1,3
2023-01-05 14:00:00,145.73088448244755,14,5,1,3
2023-01-05 15:00:00,166.47978549656673,15,5,1,3
2023-01-05 16:00:00,169.25684079223234,16,5,1,3
2023-01-05 17:00:00,195.2750784855583,17,5,1,3
2023-01-05 18:00:00,170.78069139424787,18,5,1,3
2023-01-05 19:00:00,177.84977980530294,19,5,1,3
2023-01-05 20:00:00,176.6802211177368,20,5,1,3
2023-01-05 21:00:00,167.59112554830602,21,5,1,3
2023-01-05 22:00:00,193.0085993455142,22,5,1,3
2023-01-05 23:00:00,191.44829848034632,23,5,1,3
2023-01-06 00:00:00,194.22813422930028,0,6,1,4
2023-01-06 01:00:00,179.64705363897934,1,6,1,4
2023-01-06 02:00:00,205.22018289666872,2,6,1,4
2023-01-06 03:00:00,179.64709965985907,3,6,1,4
2023-01-06 04:00:00,202.02341610794477,4,6,1,4
2023-01-06 05:00:00,220.5582664413807,5,6,1,4
2023-01-06 06:00:00,191.25058370746885,6,6,1,4
2023-01-06 07:00:00,197.9923113868494,7,6,1,4
2023-01-06 08:00:00,207.1419894435239,8,6,1,4
2023-01-06 09:00:00,203.58551511157816,9,6,1,4
2023-01-06 10:00:00,195.5668438642953,10,6,1,4
2023-01-06 11:00:00,214.1845810893238,11,6,1,4
2023-01-06 12:00:00,205.2675794541299,12,6,1,4
2023-01-06 13:00:00,222.97840834282735,13,6,1,4
2023-01-06 14:00:00,211.35442111830716,14,6,1,4
2023-01-06 15:00:00,238.3027231231492,15,6,1,4
2023-01-06 16:00:00,217.16845104949888,16,6,1,4
2023-01-06 17:00:00,223.9153591305524,17,6,1,4
2023-01-06 18:00:00,237.3381751554692,18,6,1,4
2023-01-06 19:00:00,218.8882500344264,19,6,1,4
2023-01-06 20:00:00,235.3872506222248,20,6,1,4
2023-01-06 21:00:00,248.01690677018632,21,6,1,4
2023-01-06 22:00:00,220.6159544172529,22,6,1,4
2023-01-06 23:00:00,240.1905413721155,23,6,1,4
2023-01-07 00:00:00,242.5004142866062,0,7,1,5
2023-01-07 01:00:00,249.1772657094417,1,7,1,5
2023-01-07 02:00:00,230.34339745790325,2,7,1,5
2023-01-07 03:00:00,230.7552321977904,3,7,1,5
2023-01-07 04:00:00,250.3160111074206,4,7,1,5
2023-01-07 05:00:00,249.0902955759483,5,7,1,5
2023-01-07 06:00:00,249.53372278409995,6,7,1,5
2023-01-07 07:00:00,251.28383892010825,7,7,1,5
2023-01-07 08:00:00,241.6899093095803,8,7,1,5
2023-01-07 09:00:00,251.3620503453911,9,7,1,5
2023-01-07 10:00:00,252.3967762475887,10,7,1,5
2023-01-07 11:00:00,242.62518850934532,11,7,1,5
2023-01-07 12:00:00,268.6044540250336,12,7,1,5
2023-01-07 13:00:00,254.73795358179837,13,7,1,5
2023-01-07 14:00:00,238.01428156891183,14,7,1,5
2023-01-07 15:00:00,256.2955025985512,15,7,1,5
2023-01-07 16:00:00,239.66125184434503,16,7,1,5
2023-01-07 17:00:00,256.8332748700867,17,7,1,5
2023-01-07 18:00:00,259.9801192582337,18,7,1,5
2023-01-07 19:00:00,239.49787248146572,19,7,1,5
2023-01-07 20:00:00,256.5295134770921,20,7,1,5
2023-01-07 21:00:00,250.0971682830373,21,7,1,5
2023-01-07 22:00:00,253.14843788945765,22,7,1,5
2023-01-07 23:00:00,262.74172231636607,23,7,1,5
2023-01-08 00:00:00,240.05623673954577,0,8,1,6
2023-01-08 01:00:00,233.6026157287725,1,8,1,6
2023-01-08 02:00:00,230.77165810778385,2,8,1,6
2023-01-08 03:00:00,229.93617968906324,3,8,1,6
2023-01-08 04:00:00,235.65533903407788,4,8,1,6
2023-01-08 05:00:00,238.07872021677144,5,8,1,6
2023-01-08 06:00:00,235.5881293314905,6,8,1,6
2023-01-08 07:00:00,239.16487445369785,7,8,1,6
2023-01-08 08:00:00,229.0175103584375,8,8,1,6
2023-01-08 09:00:00,241.34493340919093,9,8,1,6
2023-01-08 10:00:00,222.01798129045204,10,8,1,6
2023-01-08 11:00:00,249.65942628846128,11,8,1,6
2023-01-08 12:00:00,226.4513480487216,12,8,1,6
2023-01-08 13:00:00,209.3094617033079,13,8,1,6
2023-01-08 14:00:00,204.813692200222,14,8,1,6
2023-01-08 15:00:00,217.95004509045285,15,8,1,6
2023-01-08 16:00:00,208.4605246773737,16,8,1,6
2023-01-08 17:00:00,215.37820321901685,17,8,1,6
2023-01-08 18:00:00,210.4929878303139,18,8,1,6
2023-01-08 19:00:00,202.54030840130892,19,8,1,6
2023-01-08 20:00:00,192.3004601382168,20,8,1,6
2023-01-08 21:00:00,183.1178004237891,21,8,1,6
2023-01-08 22:00:00,191.3033405951765,22,8,1,6
2023-01-08 23:00:00,201.8452932557545,23,8,1,6
2023-01-09 00:00:00,192.9518848180854,0,9,1,0
2023-01-09 01:00:00,175.9062154950026,1,9,1,0
2023-01-09 02:00:00,187.67721162272272,2,9,1,0
2023-01-09 03:00:00,187.41557476737256,3,9,1,0
2023-01-09 04:00:00,172.38199292810003,4,9,1,0
2023-01-09 05:00:00,180.46301747020948,5,9,1,0
2023-01-09 06:00:00,177.26583281000802,6,9,1,0
2023-01-09 07:00:00,163.07041706278733,7,9,1,0
2023-01-09 08:00:00,175.95823211759148,8,9,1,0
2023-01-09 09:00:00,175.93761521844303,9,9,1,0
2023-01-09 10:00:00,179.18400246233543,10,9,1,0
2023-01-09 11:00:00,176.9944888246218,11,9,1,0
2023-01-09 12:00:00,150.86676215801992,12,9,1,0
2023-01-09 13:00:00,153.54074289324558,13,9,1,0
2023-01-09 14:00:00,166.43775223071984,14,9,1,0
2023-01-09 15:00:00,164.89062044685377,15,9,1,0
2023-01-09 16:00:00,163.46939777159398,16,9,1,0
2023-01-09 17:00:00,195.5167854079035,17,9,1,0
2023-01-09 18:00:00,161.47664441124525,18,9,1,0
2023-01-09 19:00:00,166.01244352621848,19,9,1,0
2023-01-09 20:00:00,163.19941395924627,20,9,1,0
2023-01-09 21:00:00,159.2919773670076,21,9,1,0
2023-01-09 22:00:00,148.86230754803813,22,9,1,0
2023-01-09 23:00:00,158.9618050349366,23,9,1,0
2023-01-10 00:00:00,143.12276131628417,0,10,1,1
2023-01-10 01:00:00,148.08482090736902,1,10,1,1
2023-01-10 02:00:00,145.32545469217038,2,10,1,1
2023-01-10 03:00:00,150.8486904630268,3,10,1,1
2023-01-10 04:00:00,173.15254285920682,4,10,1,1
2023-01-10 05:00:00,131.43452270175484,5,10,1,1
2023-01-10 06:00:00,157.19594978099963,6,10,1,1
2023-01-10 07:00:00,134.55675178189395,7,10,1,1
2023-01-10 08:00:00,146.43866584070037,8,10,1,1
2023-01-10 09:00:00,162.64388855028147,9,10,1,1
2023-01-10 10:00:00,153.11441126095363,10,10,1,1
2023-01-10 11:00:00,142.530425899746,11,10,1,1
2023-01-10 12:00:00,147.10803890827583,12,10,1,1
2023-01-10 13:00:00,162.12480824428914,13,10,1,1
2023-01-10 14:00:00,149.20479744869616,14,10,1,1
2023-01-10 15:00:00,159.96160655672372,15,10,1,1
2023-01-10 16:00:00,159.64699266814904,16,10,1,1
2023-01-10 17:00:00,154.17172922769558,17,10,1,1
2023-01-10 18:00:00,183.7220890009341,18,10,1,1
2023-01-10 19:00:00,170.3112162629541,19,10,1,1
2023-01-10 20:00:00,145.50020961238897,20,10,1,1
2023-01-10 21:00:00,169.48156256845724,21,10,1,1
2023-01-10 22:00:00,162.94564139206923,22,10,1,1
2023-01-10 23:00:00,180.11055373807446,23,10,1,1
2023-01-11 00:00:00,165.75488923050838,0,11,1,2
2023-01-11 01:00:00,174.69252621842784,1,11,1,2
2023-01-11 02:00:00,183.1100660637746,2,11,1,2
2023-01-11 03:00:00,188.99299576531425,3,11,1,2
2023-01-11 04:00:00,170.65697988143296,4,11,1,2
2023-01-11 05:00:00,181.68285962584557,5,11,1,2
2023-01-11 06:00:00,182.6838443694304,6,11,1,2
2023-01-11 07:00:00,183.3369037654188,7,11,1,2
2023-01-11 08:00:00,209.9870070422955,8,11,1,2
2023-01-11 09:00:00,198.86375352189688,9,11,1,2
2023-01-11 10:00:00,184.69955705829452,10,11,1,2
2023-01-11 11:00:00,208.98821734089648,11,11,1,2
2023-01-11 12:00:00,223.53283796838636,12,11,1,2
2023-01-11 13:00:00,215.1318181764653,13,11,1,2
2023-01-11 14:00:00,192.09731601181264,14,11,1,2
2023-01-11 15:00:00,204.9142648063901,15,11,1,2
2023-01-11 16:00:00,224.8668716219978,16,11,1,2
2023-01-11 17:00:00,207.5316709662345,17,11,1,2
2023-01-11 18:00:00,221.4205789689784,18,11,1,2
2023-01-11 19:00:00,227.06021216544232,19,11,1,2
2023-01-11 20:00:00,212.3276825643204,20,11,1,2
2023-01-11 21:00:00,223.23076004569947,21,11,1,2
2023-01-11 22:00:00,193.58269464692924,22,11,1,2
2023-01-11 23:00:00,217.85574107580655,23,11,1,2
2023-01-12 00:00:00,227.6078103565866,0,12,1,3
2023-01-12 01:00:00,219.61406556494663,1,12,1,3
2023-01-12 02:00:00,250.2940422741837,2,12,1,3
2023-01-12 03:00:00,221.4614701398216,3,12,1,3
2023-01-12 04:00:00,233.0658261438539,4,12,1,3
2023-01-12 05:00:00,240.3832301751235,5,12,1,3
2023-01-12 06:00:00,255.00024588267257,6,12,1,3
2023-01-12 07:00:00,227.6389292674349,7,12,1,3
2023-01-12 08:00:00,254.93404386749728,8,12,1,3
2023-01-12 09:00:00,244.60114231164908,9,12,1,3
2023-01-12 10:00:00,235.76868395644004,10,12,1,3
2023-01-12 11:00:00,251.1756001224252,11,12,1,3
2023-01-12 12:00:00,249.39936205486683,12,12,1,3
2023-01-12 13:00:00,242.1420615232809,13,12,1,3
2023-01-12 14:00:00,249.45713985562296,14,12,1,3
2023-01-12 15:00:00,245.3987552837497,15,12,1,3
2023-01-12 16:00:00,250.75648634679615,16,12,1,3
2023-01-12 17:00:00,256.48776546585765,17,12,1,3
2023-01-12 18:00:00,265.8468829289565,18,12,1,3
2023-01-12 19:00:00,237.6036248671616,19,12,1,3
2023-01-12 20:00:00,271.18200009040225,20,12,1,3
2023-01-12 21:00:00,230.07582210479697,21,12,1,3
2023-01-12 22:00:00,247.69966873266057,22,12,1,3
2023-01-12 23:00:00,254.59824680919567,23,12,1,3
2023-01-13 00:00:00,250.9005423270001,0,13,1,4
2023-01-13 01:00:00,241.11873512887996,1,13,1,4
2023-01-13 02:00:00,244.4010378469642,2,13,1,4
2023-01-13 03:00:00,240.572366920701,3,13,1,4
2023-01-13 04:00:00,238.51488461252825,4,13,1,4
2023-01-13 05:00:00,251.6994885804916,5,13,1,4
2023-01-13 06:00:00,245.4603554775728,6,13,1,4
2023-01-13 07:00:00,233.54292430928663,7,13,1,4
2023-01-13 08:00:00,247.9484771074332,8,13,1,4
2023-01-13 09:00:00,240.4083757696688,9,13,1,4
2023-01-13 10:00:00,243.7533980702576,10,13,1,4
2023-01-13 11:00:00,240.12123991585776,11,13,1,4
2023-01-13 12:00:00,223.6504619309603,12,13,1,4
2023-01-13 13:00:00,224.37406791068307,13,13,1,4
2023-01-13 14:00:00,235.40920650979868,14,13,1,4
2023-01-13 15:00:00,231.93039929878103,15,13,1,4
2023-01-13 16:00:00,223.44342432584932,16,13,1,4
2023-01-13 17:00:00,222.59222054647387,17,13,1,4
2023-01-13 18:00:00,231.9084586962927,18,13,1,4
2023-01-13 19:00:00,210.8810435516044,19,13,1,4
2023-01-13 20:00:00,219.8906117323451,20,13,1,4
2023-01-13 21:00:00,209.9844781154195,21,13,1,4
2023-01-13 22:00:00,207.38628947069668,22,13,1,4
2023-01-13 23:00:00,218.0836162453048,23,13,1,4
2023-01-14 00:00:00,212.86498599619927,0,14,1,5
2023-01-14 01:00:00,210.24934591310455,1,14,1,5
2023-01-14 02:00:00,212.6671695659072,2,14,1,5
2023-01-14 03:00:00,197.32152263654748,3,14,1,5
2023-01-14 04:00:00,201.43735090240472,4,14,1,5
2023-01-14 05:00:00,189.03497017687224,5,14,1,5
2023-01-14 06:00:00,192.9188089864856,6,14,1,5
2023-01-14 07:00:00,185.9410760672664,7,14,1,5
2023-01-14 08:00:00,185.80977835634548,8,14,1,5
2023-01-14 09:00:00,188.42666949732745,9,14,1,5
2023-01-14 10:00:00,171.97206379178323,10,14,1,5
2023-01-14 11:00:00,198.8070180863607,11,14,1,5
2023-01-14 12:00:00,165.60723754252302,12,14,1,5
2023-01-14 13:00:00,161.37073185196343,13,14,1,5
2023-01-14 14:00:00,183.0052705783679,14,14,1,5
2023-01-14 15:00:00,177.3239003940269,15,14,1,5
2023-01-14 16:00:00,173.7082022494274,16,14,1,5
2023-01-14 17:00:00,171.89166818436738,17,14,1,5
2023-01-14 18:00:00,163.7130880778457,18,14,1,5
2023-01-14 19:00:00,153.18092810074705,19,14,1,5
2023-01-14 20:00:00,161.3242194550376,20,14,1,5
2023-01-14 21:00:00,152.30602022698162,21,14,1,5
2023-01-14 22:00:00,167.44278757365586,22,14,1,5
2023-01-14 23:00:00,154.94093008387327,23,14,1,5
2023-01-15 00:00:00,146.98561230899386,0,15,1,6
2023-01-15 01:00:00,150.96790550721968,1,15,1,6
2023-01-15 02:00:00,157.36700918144518,2,15,1,6
2023-01-15 03:00:00,146.7734953007129,3,15,1,6
2023-01-15 04:00:00,143.4807696313847,4,15,1,6
2023-01-15 05:00:00,153.55303762067686,5,15,1,6
2023-01-15 06:00:00,153.10145194778744,6,15,1,6
2023-01-15 07:00:00,145.24156705690783,7,15,1,6
2023-01-15 08:00:00,145.38427366820258,8,15,1,6
2023-01-15 09:00:00,152.32380117700677,9,15,1,6
2023-01-15 10:00:00,135.5563194297753,10,15,1,6
2023-01-15 11:00:00,136.12151730011703,11,15,1,6
2023-01-15 12:00:00,143.29543799478887,12,15,1,6
2023-01-15 13:00:00,148.75315623261054,13,15,1,6
2023-01-15 14:00:00,154.52745212965638,14,15,1,6
2023-01-15 15:00:00,166.82435929662822,15,15,1,6
2023-01-15 16:00:00,161.41985196461823,16,15,1,6
2023-01-15 17:00:00,152.1344323797321,17,15,1,6
2023-01-15 18:00:00,154.55009048970135,18,15,1,6
2023-01-15 19:00:00,145.83474615359228,19,15,1,6
2023-01-15 20:00:00,156.9052435232574,20,15,1,6
2023-01-15 21:00:00,155.54159007385175,21,15,1,6
2023-01-15 22:00:00,163.09727963946958,22,15,1,6
2023-01-15 23:00:00,153.14020690636278,23,15,1,6
2023-01-16 00:00:00,168.24504554989622,0,16,1,0
2023-01-16 01:00:00,180.11057035214714,1,16,1,0
2023-01-16 02:00:00,165.51538053359934,2,16,1,0
2023-01-16 03:00:00,172.52354235348696,3,16,1,0
2023-01-16 04:00:00,177.39018333819408,4,16,1,0
2023-01-16 05:00:00,168.53276747937667,5,16,1,0
2023-01-16 06:00:00,176.91088648868617,6,16,1,0
2023-01-16 07:00:00,176.98431384246558,7,16,1,0
2023-01-16 08:00:00,180.0815367912155,8,16,1,0
2023-01-16 09:00:00,173.6733957061245,9,16,1,0
2023-01-16 10:00:00,183.99388769084285,10,16,1,0
2023-01-16 11:00:00,191.11476218012268,11,16,1,0
2023-01-16 12:00:00,203.06693389727388,12,16,1,0
2023-01-16 13:00:00,200.5975872116608,13,16,1,0
2023-01-16 14:00:00,215.00861279983835,14,16,1,0
2023-01-16 15:00:00,188.29155915339743,15,16,1,0
2023-01-16 16:00:00,207.1865932154174,16,16,1,0
2023-01-16 17:00:00,202.7990073955505,17,16,1,0
2023-01-16 18:00:00,225.363398861651,18,16,1,0
2023-01-16 19:00:00,197.8734899025,19,16,1,0
2023-01-16 20:00:00,200.03543966634385,20,16,1,0
2023-01-16 21:00:00,204.8937975032245,21,16,1,0
2023-01-16 22:00:00,192.07656444675263,22,16,1,0
2023-01-16 23:00:00,210.45242068579265,23,16,1,0
2023-01-17 00:00:00,210.47374811912132,0,17,1,1
2023-01-17 01:00:00,221.87887272943345,1,17,1,1
2023-01-17 02:00:00,226.05132604121368,2,17,1,1
2023-01-17 03:00:00,243.5976201745553,3,17,1,1
2023-01-17 04:00:00,236.4800945038358,4,17,1,1
2023-01-17 05:00:00,223.27920328784333,5,17,1,1
2023-01-17 06:00:00,222.0637259832048,6,17,1,1
2023-01-17 07:00:00,237.88893834395583,7,17,1,1
2023-01-17 08:00:00,221.6067162671408,8,17,1,1
2023-01-17 09:00:00,254.875758977739,9,17,1,1
2023-01-17 10:00:00,250.0161286165675,10,17,1,1
2023-01-17 11:00:00,235.0948012495696,11,17,1,1
2023-01-17 12:00:00,224.12039801848152,12,17,1,1
2023-01-17 13:00:00,256.1523382326652,13,17,1,1
2023-01-17 14:00:00,242.723362077508,14,17,1,1
2023-01-17 15:00:00,257.3922010522288,15,17,1,1
2023-01-17 16:00:00,230.10230178079368,16,17,1,1
2023-01-17 17:00:00,240.9700456275719,17,17,1,1
2023-01-17 18:00:00,247.81583023768917,18,17,1,1
2023-01-17 19:00:00,248.91317387721935,19,17,1,1
2023-01-17 20:00:00,244.50136225332747,20,17,1,1
2023-01-17 21:00:00,255.6664405217195,21,17,1,1
2023-01-17 22:00:00,239.07384457058484,22,17,1,1
2023-01-17 23:00:00,248.5137634475525,23,17,1,1
2023-01-18 00:00:00,251.20295620093316,0,18,1,2
2023-01-18 01:00:00,255.08160557915195,1,18,1,2
2023-01-18 02:00:00,256.8655163810754,2,18,1,2
2023-01-18 03:00:00,238.19050051683385,3,18,1,2
2023-01-18 04:00:00,233.65951955290492,4,18,1,2
2023-01-18 05:00:00,261.21844790122105,5,18,1,2
2023-01-18 06:00:00,251.08451678170448,6,18,1,2
2023-01-18 07:00:00,239.4765906421728,7,18,1,2
2023-01-18 08:00:00,261.5554408639354,8,18,1,2
2023-01-18 09:00:00,246.16781625980664,9,18,1,2
2023-01-18 10:00:00,255.6584610328169,10,18,1,2
2023-01-18 11:00:00,243.28523283803264,11,18,1,2
2023-01-18 12:00:00,261.8553698940686,12,18,1,2
2023-01-18 13:00:00,257.3358369827831,13,18,1,2
2023-01-18 14:00:00,235.72769050572316,14,18,1,2
2023-01-18 15:00:00,246.27223021158196,15,18,1,2
2023-01-18 16:00:00,241.25791366512445,16,18,1,2
2023-01-18 17:00:00,246.65093674259168,17,18,1,2
2023-01-18 18:00:00,221.3932941723562,18,18,1,2
2023-01-18 19:00:00,235.90320545277376,19,18,1,2
2023-01-18 20:00:00,237.5543608230109,20,18,1,2
2023-01-18 21:00:00,207.2425999510839,21,18,1,2
2023-01-18 22:00:00,210.7951022090349,22,18,1,2
2023-01-18 23:00:00,199.9763873832841,23,18,1,2
2023-01-19 00:00:00,215.3646495225692,0,19,1,3
2023-01-19 01:00:00,222.87892134973623,1,19,1,3
2023-01-19 02:00:00,228.33252106610948,2,19,1,3
2023-01-19 03:00:00,211.62201804061397,3,19,1,3
2023-01-19 04:00:00,224.7120939102116,4,19,1,3
2023-01-19 05:00:00,192.14868945706448,5,19,1,3
2023-01-19 06:00:00,186.42474428804672,6,19,1,3
2023-01-19 07:00:00,200.4032944029059,7,19,1,3
2023-01-19 08:00:00,202.29722736332263,8,19,1,3
2023-01-19 09:00:00,195.63129236456365,9,19,1,3
2023-01-19 10:00:00,172.7956083428731,10,19,1,3
2023-01-19 11:00:00,190.1069726570671,11,19,1,3
2023-01-19 12:00:00,175.5041666933184,12,19,1,3
2023-01-19 13:00:00,192.8249550327322,13,19,1,3
2023-01-19 14:00:00,187.4083214873868,14,19,1,3
2023-01-19 15:00:00,171.9983677071885,15,19,1,3
2023-01-19 16:00:00,173.95991345407535,16,19,1,3
2023-01-19 17:00:00,166.26021174412514,17,19,1,3
2023-01-19 18:00:00,174.03729326714844,18,19,1,3
2023-01-19 19:00:00,182.0906981334116,19,19,1,3
2023-01-19 20:00:00,160.62598011748244,20,19,1,3
2023-01-19 21:00:00,173.5415956588005,21,19,1,3
2023-01-19 22:00:00,161.29533267725424,22,19,1,3
2023-01-19 23:00:00,156.84961391963907,23,19,1,3
2023-01-20 00:00:00,161.9766841245612,0,20,1,4
2023-01-20 01:00:00,151.05575823310062,1,20,1,4
2023-01-20 02:00:00,154.32953475346312,2,20,1,4
2023-01-20 03:00:00,146.44561014725718,3,20,1,4
2023-01-20 04:00:00,176.7341271471439,4,20,1,4
2023-01-20 05:00:00,156.20947334254754,5,20,1,4
2023-01-20 06:00:00,147.74010061902595,6,20,1,4
2023-01-20 07:00:00,155.87103227946167,7,20,1,4
2023-01-20 08:00:00,151.7177095638311,8,20,1,4
2023-01-20 09:00:00,149.8591599696704,9,20,1,4
2023-01-20 10:00:00,157.55843168331978,10,20,1,4
2023-01-20 11:00:00,158.46142646745585,11,20,1,4
2023-01-20 12:00:00,145.17392695819623,12,20,1,4
2023-01-20 13:00:00,144.4373698328146,13,20,1,4
2023-01-20 14:00:00,147.28638354671637,14,20,1,4
2023-01-20 15:00:00,126.984168964657,15,20,1,4
2023-01-20 16:00:00,134.94316584870603,16,20,1,4
2023-01-20 17:00:00,163.98050111784522,17,20,1,4
2023-01-20 18:00:00,167.1025609884804,18,20,1,4
2023-01-20 19:00:00,148.62723796198347,19,20,1,4
2023-01-20 20:00:00,157.4703077158631,20,20,1,4
2023-01-20 21:00:00,155.5253340997525,21,20,1,4
2023-01-20 22:00:00,184.0289164374194,22,20,1,4
2023-01-20 23:00:00,165.380242695777,23,20,1,4
2023-01-21 00:00:00,153.96444712691073,0,21,1,5
2023-01-21 01:00:00,146.8594397542679,1,21,1,5
2023-01-21 02:00:00,141.63076042922492,2,21,1,5
2023-01-21 03:00:00,161.11619112426678,3,21,1,5
2023-01-21 04:00:00,153.00685806379173,4,21,1,5
2023-01-21 05:00:00,147.93539008529888,5,21,1,5
2023-01-21 06:00:00,157.37453489330073,6,21,1,5
2023-01-21 07:00:00,154.79768175779589,7,21,1,5
2023-01-21 08:00:00,184.3435975107022,8,21,1,5
2023-01-21 09:00:00,178.22906351789825,9,21,1,5
2023-01-21 10:00:00,171.35002983172438,10,21,1,5
2023-01-21 11:00:00,188.3178416666888,11,21,1,5
2023-01-21 12:00:00,176.4470501466921,12,21,1,5
2023-01-21 13:00:00,169.2764175276766,13,21,1,5
2023-01-21 14:00:00,195.39176879407617,14,21,1,5
2023-01-21 15:00:00,187.87058459131987,15,21,1,5
2023-01-21 16:00:00,174.47385359800927,16,21,1,5
2023-01-21 17:00:00,185.34571151808197,17,21,1,5
2023-01-21 18:00:00,180.9276333600665,18,21,1,5
2023-01-21 19:00:00,178.31637290381911,19,21,1,5
2023-01-21 20:00:00,203.88637431240076,20,21,1,5
2023-01-21 21:00:00,216.21245647500965,21,21,1,5
2023-01-21 22:00:00,185.6335227635732,22,21,1,5
2023-01-21 23:00:00,207.75075301162664,23,21,1,5
2023-01-22 00:00:00,198.1111849326712,0,22,1,6
2023-01-22 01:00:00,202.23134203056796,1,22,1,6
2023-01-22 02:00:00,203.64585352795388,2,22,1,6
2023-01-22 03:00:00,203.3731145767493,3,22,1,6
2023-01-22 04:00:00,214.91138162653527,4,22,1,6
2023-01-22 05:00:00,208.49367714710863,5,22,1,6
2023-01-22 06:00:00,221.84267623130384,6,22,1,6
2023-01-22 07:00:00,220.9227254439993,7,22,1,6
2023-01-22 08:00:00,221.2689657847517,8,22,1,6
2023-01-22 09:00:00,216.75689713287127,9,22,1,6
2023-01-22 10:00:00,222.1742107636901,10,22,1,6
2023-01-22 11:00:00,237.5352465243028,11,22,1,6
2023-01-22 12:00:00,236.95482854805095,12,22,1,6
2023-01-22 13:00:00,224.05441922339665,13,22,1,6
2023-01-22 14:00:00,236.62288308110456,14,22,1,6
2023-01-22 15:00:00,244.85378593043572,15,22,1,6
2023-01-22 16:00:00,222.2626993128995,16,22,1,6
2023-01-22 17:00:00,245.90962488830863,17,22,1,6
2023-01-22 18:00:00,235.26768463797637,18,22,1,6
2023-01-22 19:00:00,248.91288549190796,19,22,1,6
2023-01-22 20:00:00,236.77907280504584,20,22,1,6
2023-01-22 21:00:00,227.45638059743249,21,22,1,6
2023-01-22 22:00:00,230.20934738076883,22,22,1,6
2023-01-22 23:00:00,247.82877098525287,23,22,1,6
2023-01-23 00:00:00,250.6897141531019,0,23,1,0
2023-01-23 01:00:00,239.6734436021457,1,23,1,0
2023-01-23 02:00:00,255.60464515757607,2,23,1,0
2023-01-23 03:00:00,232.98236313446188,3,23,1,0
2023-01-23 04:00:00,249.19139262182344,4,23,1,0
2023-01-23 05:00:00,237.87180141657768,5,23,1,0
2023-01-23 06:00:00,243.4681960828488,6,23,1,0
2023-01-23 07:00:00,250.3399470564972,7,23,1,0
2023-01-23 08:00:00,241.0163413416269,8,23,1,0
2023-01-23 09:00:00,245.40516048625585,9,23,1,0
2023-01-23 10:00:00,258.8205372936385,10,23,1,0
2023-01-23 11:00:00,242.37347109627467,11,23,1,0
2023-01-23 12:00:00,255.7635196267992,12,23,1,0
2023-01-23 13:00:00,235.2550095768092,13,23,1,0
2023-01-23 14:00:00,250.87901055553783,14,23,1,0
2023-01-23 15:00:00,258.9113888001612,15,23,1,0
2023-01-23 16:00:00,218.5825526061802,16,23,1,0
2023-01-23 17:00:00,234.02489839253948,17,23,1,0
2023-01-23 18:00:00,246.35425260451376,18,23,1,0
2023-01-23 19:00:00,237.04111702721605,19,23,1,0
2023-01-23 20:00:00,241.17321502746876,20,23,1,0
2023-01-23 21:00:00,229.7182674397895,21,23,1,0
2023-01-23 22:00:00,234.83082453460287,22,23,1,0
2023-01-23 23:00:00,230.52989702203973,23,23,1,0
2023-01-24 00:00:00,241.80587213830788,0,24,1,1
2023-01-24 01:00:00,230.63818685844933,1,24,1,1
2023-01-24 02:00:00,229.3655710127043,2,24,1,1
2023-01-24 03:00:00,219.7012502827258,3,24,1,1
2023-01-24 04:00:00,216.7147763813452,4,24,1,1
2023-01-24 05:00:00,214.9820014984772,5,24,1,1
2023-01-24 06:00:00,220.92049400921576,6,24,1,1
2023-01-24 07:00:00,210.39200092353963,7,24,1,1
2023-01-24 08:00:00,215.088897348785,8,24,1,1
2023-01-24 09:00:00,230.50392726959092,9,24,1,1
2023-01-24 10:00:00,215.99551829776337,10,24,1,1
2023-01-24 11:00:00,201.5401445766448,11,24,1,1
2023-01-24 12:00:00,214.31660527715732,12,24,1,1
2023-01-24 13:00:00,195.72202698267657,13,24,1,1
2023-01-24 14:00:00,176.92034395116136,14,24,1,1
2023-01-24 15:00:00,184.72629291193476,15,24,1,1
2023-01-24 16:00:00,173.6178089269595,16,24,1,1
2023-01-24 17:00:00,186.34838550885476,17,24,1,1
2023-01-24 18:00:00,187.6108830107188,18,24,1,1
2023-01-24 19:00:00,201.78574084970896,19,24,1,1
2023-01-24 20:00:00,185.92282372706364,20,24,1,1
2023-01-24 21:00:00,178.13817088126683,21,24,1,1
2023-01-24 22:00:00,186.3481234371023,22,24,1,1
2023-01-24 23:00:00,153.7225692414633,23,24,1,1
2023-01-25 00:00:00,176.03044618903382,0,25,1,2
2023-01-25 01:00:00,179.28926313277236,1,25,1,2
2023-01-25 02:00:00,154.7722352445685,2,25,1,2
2023-01-25 03:00:00,179.0493659193673,3,25,1,2
2023-01-25 04:00:00,169.13163303249203,4,25,1,2
2023-01-25 05:00:00,159.81442022997314,5,25,1,2
2023-01-25 06:00:00,168.60599178644952,6,25,1,2
2023-01-25 07:00:00,183.39044919552663,7,25,1,2
2023-01-25 08:00:00,161.0059981785532,8,25,1,2
2023-01-25 09:00:00,160.2755711921593,9,25,1,2
2023-01-25 10:00:00,151.9114919028339,10,25,1,2
2023-01-25 11:00:00,146.82732507903037,11,25,1,2
2023-01-25 12:00:00,162.561680740106,12,25,1,2
2023-01-25 13:00:00,144.74459744470417,13,25,1,2
2023-01-25 14:00:00,153.185157023784,14,25,1,2
2023-01-25 15:00:00,146.97601855192244,15,25,1,2
2023-01-25 16:00:00,155.9463245343272,16,25,1,2
2023-01-25 17:00:00,154.0194083163252,17,25,1,2
2023-01-25 18:00:00,160.70796189400855,18,25,1,2
2023-01-25 19:00:00,145.00656498489667,19,25,1,2
2023-01-25 20:00:00,147.3071030730407,20,25,1,2
2023-01-25 21:00:00,140.24254829496016,21,25,1,2
2023-01-25 22:00:00,145.7367345114178,22,25,1,2
2023-01-25 23:00:00,154.2269279600913,23,25,1,2
2023-01-26 00:00:00,158.4221525018979,0,26,1,3
2023-01-26 01:00:00,142.15204614311983,1,26,1,3
2023-01-26 02:00:00,160.71297545799573,2,26,1,3
2023-01-26 03:00:00,166.33668461285197,3,26,1,3
2023-01-26 04:00:00,157.7963058227815,4,26,1,3
2023-01-26 05:00:00,173.42761859895248,5,26,1,3
2023-01-26 06:00:00,148.03302634870795,6,26,1,3
2023-01-26 07:00:00,144.5464002282976,7,26,1,3
2023-01-26 08:00:00,140.53548419667945,8,26,1,3
2023-01-26 09:00:00,174.7172494156144,9,26,1,3
2023-01-26 10:00:00,167.8353709394174,10,26,1,3
2023-01-26 11:00:00,162.3677200483951,11,26,1,3
2023-01-26 12:00:00,167.44796275957808,12,26,1,3
2023-01-26 13:00:00,155.2066336104984,13,26,1,3
2023-01-26 14:00:00,192.81628806425928,14,26,1,3
2023-01-26 15:00:00,171.6274692510556,15,26,1,3
2023-01-26 16:00:00,173.47998943243385,16,26,1,3
2023-01-26 17:00:00,181.7636505151736,17,26,1,3
2023-01-26 18:00:00,181.49986875393847,18,26,1,3
2023-01-26 19:00:00,181.17078893642557,19,26,1,3
2023-01-26 20:00:00,173.32214100696248,20,26,1,3
2023-01-26 21:00:00,188.2835229771592,21,26,1,3
2023-01-26 22:00:00,204.77218980412388,22,26,1,3
2023-01-26 23:00:00,201.82443387275396,23,26,1,3
2023-01-27 00:00:00,206.7495148211217,0,27,1,4
2023-01-27 01:00:00,188.1759039920177,1,27,1,4
2023-01-27 02:00:00,185.87923470403095,2,27,1,4
2023-01-27 03:00:00,197.0152165949415,3,27,1,4
2023-01-27 04:00:00,201.33246283823067,4,27,1,4
2023-01-27 05:00:00,214.2173153086225,5,27,1,4
2023-01-27 06:00:00,188.8427370460608,6,27,1,4
2023-01-27 07:00:00,223.5404254341624,7,27,1,4
2023-01-27 08:00:00,209.1217328690744,8,27,1,4
2023-01-27 09:00:00,208.8630882473753,9,27,1,4
2023-01-27 10:00:00,205.4080536471344,10,27,1,4
2023-01-27 11:00:00,201.3388367481818,11,27,1,4
2023-01-27 12:00:00,228.43261664647676,12,27,1,4
2023-01-27 13:00:00,223.1970049480958,13,27,1,4
2023-01-27 14:00:00,211.77087044298,14,27,1,4
2023-01-27 15:00:00,213.8645590473157,15,27,1,4
2023-01-27 16:00:00,225.53520847873557,16,27,1,4
2023-01-27 17:00:00,247.5886172148214,17,27,1,4
2023-01-27 18:00:00,230.23045036572188,18,27,1,4
2023-01-27 19:00:00,219.64068314175364,19,27,1,4
2023-01-27 20:00:00,233.97359505231128,20,27,1,4
2023-01-27 21:00:00,235.3714620719609,21,27,1,4
2023-01-27 22:00:00,212.70208581323436,22,27,1,4
2023-01-27 23:00:00,240.600902760464,23,27,1,4
2023-01-28 00:00:00,240.20436116295943,0,28,1,5
2023-01-28 01:00:00,250.73915022810215,1,28,1,5
2023-01-28 02:00:00,263.4203886037794,2,28,1,5
2023-01-28 03:00:00,257.23769045680746,3,28,1,5
2023-01-28 04:00:00,244.2092294947096,4,28,1,5
2023-01-28 05:00:00,236.64147793998484,5,28,1,5
2023-01-28 06:00:00,274.1294748973259,6,28,1,5
2023-01-28 07:00:00,249.555994312548,7,28,1,5
2023-01-28 08:00:00,249.54840688951865,8,28,1,5
2023-01-28 09:00:00,249.48942273066604,9,28,1,5
2023-01-28 10:00:00,251.9085311330574,10,28,1,5
2023-01-28 11:00:00,248.55604621366203,11,28,1,5
2023-01-28 12:00:00,244.2097737157681,12,28,1,5
2023-01-28 13:00:00,244.29945784818884,13,28,1,5
2023-01-28 14:00:00,249.13752472493672,14,28,1,5
2023-01-28 15:00:00,243.6039354061263,15,28,1,5
2023-01-28 16:00:00,241.36003560507092,16,28,1,5
2023-01-28 17:00:00,248.8816673365216,17,28,1,5
2023-01-28 18:00:00,244.4767066572296,18,28,1,5
2023-01-28 19:00:00,261.1577453955802,19,28,1,5
2023-01-28 20:00:00,218.58395274394235,20,28,1,5
2023-01-28 21:00:00,254.87161830972667,21,28,1,5
2023-01-28 22:00:00,255.17021217469104,22,28,1,5
2023-01-28 23:00:00,220.6213034484671,23,28,1,5
2023-01-29 00:00:00,236.47060187727695,0,29,1,6
2023-01-29 01:00:00,234.6254185836121,1,29,1,6
2023-01-29 02:00:00,222.6110382137641,2,29,1,6
2023-01-29 03:00:00,227.16243629060608,3,29,1,6
2023-01-29 04:00:00,222.0017845137729,4,29,1,6
2023-01-29 05:00:00,248.71426987202327,5,29,1,6
2023-01-29 06:00:00,238.5542530423368,6,29,1,6
2023-01-29 07:00:00,239.84579912120395,7,29,1,6
2023-01-29 08:00:00,232.21180058249303,8,29,1,6
2023-01-29 09:00:00,211.5067942071018,9,29,1,6
2023-01-29 10:00:00,215.2972457163415,10,29,1,6
2023-01-29 11:00:00,223.1298822050187,11,29,1,6
2023-01-29 12:00:00,203.6628745935809,12,29,1,6
2023-01-29 13:00:00,220.62237145770249,13,29,1,6
2023-01-29 14:00:00,208.66357617159755,14,29,1,6
2023-01-29 15:00:00,204.86534836884155,15,29,1,6
2023-01-29 16:00:00,213.2483098977916,16,29,1,6
2023-01-29 17:00:00,208.09112279664143,17,29,1,6
2023-01-29 18:00:00,197.53946990327773,18,29,1,6
2023-01-29 19:00:00,210.2401934924625,19,29,1,6
2023-01-29 20:00:00,185.33741490970152,20,29,1,6
2023-01-29 21:00:00,199.81820413614457,21,29,1,6
2023-01-29 22:00:00,197.11654184495237,22,29,1,6
2023-01-29 23:00:00,185.6388217771873,23,29,1,6
2023-01-30 00:00:00,189.57258810496,0,30,1,0
2023-01-30 01:00:00,171.41137707515875,1,30,1,0
2023-01-30 02:00:00,190.81430380706652,2,30,1,0
2023-01-30 03:00:00,177.42268057619023,3,30,1,0
2023-01-30 04:00:00,171.79405376498545,4,30,1,0
2023-01-30 05:00:00,185.31850809925515,5,30,1,0
2023-01-30 06:00:00,165.6551526518536,6,30,1,0
2023-01-30 07:00:00,156.55252627292023,7,30,1,0
2023-01-30 08:00:00,153.0829360141191,8,30,1,0
2023-01-30 09:00:00,172.79993330291308,9,30,1,0
2023-01-30 10:00:00,152.10944587971767,10,30,1,0
2023-01-30 11:00:00,180.7234598401957,11,30,1,0
2023-01-30 12:00:00,140.71022890637818,12,30,1,0
2023-01-30 13:00:00,176.94444035144008,13,30,1,0
2023-01-30 14:00:00,160.64063480773632,14,30,1,0
2023-01-30 15:00:00,156.21777230945398,15,30,1,0
2023-01-30 16:00:00,150.4973856038891,16,30,1,0
2023-01-30 17:00:00,158.8099417815234,17,30,1,0
2023-01-30 18:00:00,153.42739395021306,18,30,1,0
2023-01-30 19:00:00,163.93761795186106,19,30,1,0
2023-01-30 20:00:00,153.2656834832533,20,30,1,0
2023-01-30 21:00:00,152.965138667588,21,30,1,0
2023-01-30 22:00:00,147.28627535904957,22,30,1,0
2023-01-30 23:00:00,149.93613177346967,23,30,1,0
2023-01-31 00:00:00,153.29075422327992,0,31,1,1
2023-01-31 01:00:00,132.94289256768056,1,31,1,1
2023-01-31 02:00:00,136.51967482352188,2,31,1,1
2023-01-31 03:00:00,157.51634293725917,3,31,1,1
2023-01-31 04:00:00,151.99954393198863,4,31,1,1
2023-01-31 05:00:00,148.78273944403986,5,31,1,1
2023-01-31 06:00:00,151.2622604026387,6,31,1,1
2023-01-31 07:00:00,155.13161098485008,7,31,1,1
2023-01-31 08:00:00,146.95714730852353,8,31,1,1
2023-01-31 09:00:00,145.389973849128,9,31,1,1
2023-01-31 10:00:00,156.06702809466208,10,31,1,1
2023-01-31 11:00:00,145.375336575351,11,31,1,1
2023-01-31 12:00:00,160.40438415066865,12,31,1,1
2023-01-31 13:00:00,140.5682040320749,13,31,1,1
2023-01-31 14:00:00,169.26398500356876,14,31,1,1
2023-01-31 15:00:00,165.17954493227694,15,31,1,1
2023-01-31 16:00:00,164.59405235502555,16,31,1,1
2023-01-31 17:00:00,173.53593563218192,17,31,1,1
2023-01-31 18:00:00,182.1299312053671,18,31,1,1
2023-01-31 19:00:00,177.4715152431105,19,31,1,1
2023-01-31 20:00:00,150.85352709803934,20,31,1,1
2023-01-31 21:00:00,158.47793673630102,21,31,1,1
2023-01-31 22:00:00,167.10890217984343,22,31,1,1
2023-01-31 23:00:00,175.76810677580943,23,31,1,1
2023-02-01 00:00:00,182.8952366458148,0,1,2,2
2023-02-01 01:00:00,172.72846178457533,1,1,2,2
2023-02-01 02:00:00,184.1709460419461,2,1,2,2
2023-02-01 03:00:00,177.11114872199508,3,1,2,2
2023-02-01 04:00:00,180.9499059907746,4,1,2,2
2023-02-01 05:00:00,175.43097432566162,5,1,2,2
2023-02-01 06:00:00,182.72405724271167,6,1,2,2
2023-02-01 07:00:00,180.9184931557056,7,1,2,2
2023-02-01 08:00:00,187.1694927975684,8,1,2,2
2023-02-01 09:00:00,209.9652226213533,9,1,2,2
2023-02-01 10:00:00,192.43682564485084,10,1,2,2
2023-02-01 11:00:00,230.75180936411476,11,1,2,2
2023-02-01 12:00:00,211.84725207743168,12,1,2,2
2023-02-01 13:00:00,211.2312024687104,13,1,2,2
2023-02-01 14:00:00,203.2445324114205,14,1,2,2
2023-02-01 15:00:00,221.2468546685418,15,1,2,2
2023-02-01 16:00:00,210.86735000560648,16,1,2,2
2023-02-01 17:00:00,220.1821649360004,17,1,2,2
2023-02-01 18:00:00,246.85376048893545,18,1,2,2
2023-02-01 19:00:00,222.5299368264378,19,1,2,2
2023-02-01 20:00:00,237.1620581180146,20,1,2,2
2023-02-01 21:00:00,220.75206120576476,21,1,2,2
2023-02-01 22:00:00,229.47885699005,22,1,2,2
2023-02-01 23:00:00,249.50695906370927,23,1,2,2
2023-02-02 00:00:00,227.41985295344827,0,2,2,3
2023-02-02 01:00:00,253.62020504133076,1,2,2,3
2023-02-02 02:00:00,244.2905362620662,2,2,2,3
2023-02-02 03:00:00,233.2124471657716,3,2,2,3
2023-02-02 04:00:00,246.6880233750001,4,2,2,3
2023-02-02 05:00:00,251.51523065804665,5,2,2,3
2023-02-02 06:00:00,249.3288643345261,6,2,2,3
2023-02-02 07:00:00,228.6216258163377,7,2,2,3
2023-02-02 08:00:00,238.1546011010936,8,2,2,3
2023-02-02 09:00:00,243.93911769701705,9,2,2,3
2023-02-02 10:00:00,246.5420570435265,10,2,2,3
2023-02-02 11:00:00,254.24677155163872,11,2,2,3
2023-02-02 12:00:00,250.45040425869104,12,2,2,3
2023-02-02 13:00:00,235.8313925676096,13,2,2,3
2023-02-02 14:00:00,253.37507390385568,14,2,2,3
2023-02-02 15:00:00,255.9430570301558,15,2,2,3
2023-02-02 16:00:00,255.5743917397167,16,2,2,3
2023-02-02 17:00:00,260.79841685474673,17,2,2,3
2023-02-02 18:00:00,258.21875277000885,18,2,2,3
2023-02-02 19:00:00,254.23533112273077,19,2,2,3
2023-02-02 20:00:00,248.58154086300613,20,2,2,3
2023-02-02 21:00:00,232.18982727763856,21,2,2,3
2023-02-02 22:00:00,252.4896400002936,22,2,2,3
2023-02-02 23:00:00,249.54365610233265,23,2,2,3
2023-02-03 00:00:00,249.3370092052853,0,3,2,4
2023-02-03 01:00:00,232.8914145466661,1,3,2,4
2023-02-03 02:00:00,233.7716623582064,2,3,2,4
2023-02-03 03:00:00,253.92542824875616,3,3,2,4
2023-02-03 04:00:00,241.70134077504812,4,3,2,4
2023-02-03 05:00:00,247.5094608656828,5,3,2,4
2023-02-03 06:00:00,239.4732805972317,6,3,2,4
2023-02-03 07:00:00,237.88515017961103,7,3,2,4
2023-02-03 08:00:00,245.27378125468303,8,3,2,4
2023-02-03 09:00:00,228.9439620073665,9,3,2,4
2023-02-03 10:00:00,233.1936691846256,10,3,2,4
2023-02-03 11:00:00,225.65703494958143,11,3,2,4
2023-02-03 12:00:00,223.9063167204344,12,3,2,4
2023-02-03 13:00:00,223.06029402412585,13,3,2,4
2023-02-03 14:00:00,226.2085919188983,14,3,2,4
2023-02-03 15:00:00,216.97493122016587,15,3,2,4
2023-02-03 16:00:00,232.0406382867546,16,3,2,4
2023-02-03 17:00:00,208.20886853603864,17,3,2,4
2023-02-03 18:00:00,212.91512535634288,18,3,2,4
2023-02-03 19:00:00,207.97840555035532,19,3,2,4
2023-02-03 20:00:00,224.4063745209127,20,3,2,4
2023-02-03 21:00:00,209.43813693560276,21,3,2,4
2023-02-03 22:00:00,215.3083130735481,22,3,2,4
2023-02-03 23:00:00,187.63904540995017,23,3,2,4
2023-02-04 00:00:00,202.6636854500373,0,4,2,5
2023-02-04 01:00:00,206.38804147219784,1,4,2,5
2023-02-04 02:00:00,195.8194060481985,2,4,2,5
2023-02-04 03:00:00,203.1687335687481,3,4,2,5
2023-02-04 04:00:00,184.87715772746463,4,4,2,5
2023-02-04 05:00:00,201.7045485570233,5,4,2,5
2023-02-04 06:00:00,208.19211519244232,6,4,2,5
2023-02-04 07:00:00,179.20386667654037,7,4,2,5
2023-02-04 08:00:00,176.04934175194154,8,4,2,5
2023-02-04 09:00:00,192.759152935459,9,4,2,5
2023-02-04 10:00:00,191.7965052009867,10,4,2,5
2023-02-04 11:00:00,168.60776471983314,11,4,2,5
2023-02-04 12:00:00,167.53560448988463,12,4,2,5
2023-02-04 13:00:00,166.89151730709165,13,4,2,5
2023-02-04 14:00:00,154.31261145407038,14,4,2,5
2023-02-04 15:00:00,156.69910207433628,15,4,2,5
2023-02-04 16:00:00,154.05815778300115,16,4,2,5
2023-02-04 17:00:00,154.72544579742757,17,4,2,5
2023-02-04 18:00:00,160.4545886257385,18,4,2,5
2023-02-04 19:00:00,161.63977307347918,19,4,2,5
2023-02-04 20:00:00,173.40075739555382,20,4,2,5
2023-02-04 21:00:00,146.61578822020243,21,4,2,5
2023-02-04 22:00:00,165.2548250869952,22,4,2,5
2023-02-04 23:00:00,152.19565609440866,23,4,2,5
2023-02-05 00:00:00,152.8792168015009,0,5,2,6
2023-02-05 01:00:00,159.27713264740458,1,5,2,6
2023-02-05 02:00:00,140.57569188374958,2,5,2,6
2023-02-05 03:00:00,155.02169280079113,3,5,2,6
2023-02-05 04:00:00,152.37902553312728,4,5,2,6
2023-02-05 05:00:00,155.27935897180132,5,5,2,6
2023-02-05 06:00:00,153.01121117592618,6,5,2,6
2023-02-05 07:00:00,174.562129424808,7,5,2,6
2023-02-05 08:00:00,143.6465328426263,8,5,2,6
2023-02-05 09:00:00,144.8539320871091,9,5,2,6
2023-02-05 10:00:00,144.19727906732552,10,5,2,6
2023-02-05 11:00:00,145.26284643268573,11,5,2,6
2023-02-05 12:00:00,144.9558561647529,12,5,2,6
2023-02-05 13:00:00,163.85389651208044,13,5,2,6
2023-02-05 14:00:00,166.9230835410659,14,5,2,6
2023-02-05 15:00:00,147.8833049233581,15,5,2,6
2023-02-05 16:00:00,146.25617013816188,16,5,2,6
2023-02-05 17:00:00,160.3965938199516,17,5,2,6
2023-02-05 18:00:00,151.37391285246736,18,5,2,6
2023-02-05 19:00:00,164.54711945870935,19,5,2,6
2023-02-05 20:00:00,161.67333235011833,20,5,2,6
2023-02-05 21:00:00,146.0140325780723,21,5,2,6
2023-02-05 22:00:00,178.27114277510788,22,5,2,6
2023-02-05 23:00:00,182.4726611454544,23,5,2,6
2023-02-06 00:00:00,160.1926655934733,0,6,2,0
2023-02-06 01:00:00,164.33455464145015,1,6,2,0
2023-02-06 02:00:00,173.04085552435276,2,6,2,0
2023-02-06 03:00:00,175.57207911107113,3,6,2,0
2023-02-06 04:00:00,180.92781930338475,4,6,2,0
2023-02-06 05:00:00,196.6235464533272,5,6,2,0
2023-02-06 06:00:00,176.98995481948933,6,6,2,0
2023-02-06 07:00:00,173.06757736622342,7,6,2,0
2023-02-06 08:00:00,169.5959388554189,8,6,2,0
2023-02-06 09:00:00,178.46001372589245,9,6,2,0
2023-02-06 10:00:00,187.8538679203945,10,6,2,0
2023-02-06 11:00:00,208.57612994931523,11,6,2,0
2023-02-06 12:00:00,187.92331762902305,12,6,2,0
2023-02-06 13:00:00,197.823471810985,13,6,2,0
2023-02-06 14:00:00,197.91858082533687,14,6,2,0
2023-02-06 15:00:00,212.46876158544023,15,6,2,0
2023-02-06 16:00:00,228.3547074797215,16,6,2,0
2023-02-06 17:00:00,200.26952256694747,17,6,2,0
2023-02-06 18:00:00,203.16267240417463,18,6,2,0
2023-02-06 19:00:00,220.95735333320192,19,6,2,0
2023-02-06 20:00:00,219.76700067128044,20,6,2,0
2023-02-06 21:00:00,233.8150719630488,21,6,2,0
2023-02-06 22:00:00,223.54875466273245,22,6,2,0
2023-02-06 23:00:00,216.43367290289785,23,6,2,0
2023-02-07 00:00:00,228.2001068225613,0,7,2,1
2023-02-07 01:00:00,235.59172515164644,1,7,2,1
2023-02-07 02:00:00,234.85927037009708,2,7,2,1
2023-02-07 03:00:00,233.8101924247196,3,7,2,1
2023-02-07 04:00:00,241.41523005788625,4,7,2,1
2023-02-07 05:00:00,244.3754610112691,5,7,2,1
2023-02-07 06:00:00,248.3562641302373,6,7,2,1
2023-02-07 07:00:00,242.78745064796027,7,7,2,1
2023-02-07 08:00:00,236.3039348479557,8,7,2,1
2023-02-07 09:00:00,241.02190830097905,9,7,2,1
2023-02-07 10:00:00,253.10045257007408,10,7,2,1
2023-02-07 11:00:00,234.24382522770725,11,7,2,1
2023-02-07 12:00:00,247.37151089654992,12,7,2,1
2023-02-07 13:00:00,240.91357770012564,13,7,2,1
2023-02-07 14:00:00,246.1842835316388,14,7,2,1
2023-02-07 15:00:00,259.6162754885926,15,7,2,1
2023-02-07 16:00:00,249.5603796876058,16,7,2,1
2023-02-07 17:00:00,248.8120494713721,17,7,2,1
2023-02-07 18:00:00,235.3263315308803,18,7,2,1
2023-02-07 19:00:00,256.84210590933867,19,7,2,1
2023-02-07 20:00:00,256.16541899405104,20,7,2,1
2023-02-07 21:00:00,271.54963197267745,21,7,2,1
2023-02-07 22:00:00,246.92079337548128,22,7,2,1
2023-02-07 23:00:00,252.1463493225245,23,7,2,1
2023-02-08 00:00:00,252.27984205966104,0,8,2,2
2023-02-08 01:00:00,265.2670089118987,1,8,2,2
2023-02-08 02:00:00,248.12203853628745,2,8,2,2
2023-02-08 03:00:00,251.32481929582548,3,8,2,2
2023-02-08 04:00:00,253.95162514332912,4,8,2,2
2023-02-08 05:00:00,248.95691094440056,5,8,2,2
2023-02-08 06:00:00,241.7267049997357,6,8,2,2
2023-02-08 07:00:00,247.11647775395352,7,8,2,2
2023-02-08 08:00:00,254.78329046290267,8,8,2,2
2023-02-08 09:00:00,232.5429001426631,9,8,2,2
2023-02-08 10:00:00,242.79161793951312,10,8,2,2
2023-02-08 11:00:00,233.01074036547857,11,8,2,2
2023-02-08 12:00:00,250.41223281080104,12,8,2,2
2023-02-08 13:00:00,221.58338857723265,13,8,2,2
2023-02-08 14:00:00,229.48732700893476,14,8,2,2
2023-02-08 15:00:00,237.02210341978125,15,8,2,2
2023-02-08 16:00:00,246.99539007335352,16,8,2,2
2023-02-08 17:00:00,228.69432135867007,17,8,2,2
2023-02-08 18:00:00,221.7379916988112,18,8,2,2
2023-02-08 19:00:00,243.9713733035352,19,8,2,2
2023-02-08 20:00:00,208.4864669093792,20,8,2,2
2023-02-08 21:00:00,198.72783014019865,21,8,2,2
2023-02-08 22:00:00,222.8134353723868,22,8,2,2
2023-02-08 23:00:00,211.0440339897725,23,8,2,2
2023-02-09 00:00:00,203.46329993914372,0,9,2,3
2023-02-09 01:00:00,218.33599406016435,1,9,2,3
2023-02-09 02:00:00,211.23905666463105,2,9,2,3
2023-02-09 03:00:00,200.6868410660165,3,9,2,3
2023-02-09 04:00:00,191.03531378762696,4,9,2,3
2023-02-09 05:00:00,210.06404835003272,5,9,2,3
2023-02-09 06:00:00,205.3392494449923,6,9,2,3
2023-02-09 07:00:00,195.3461537461841,7,9,2,3
2023-02-09 08:00:00,212.314128705181,8,9,2,3
2023-02-09 09:00:00,180.6721656358445,9,9,2,3
2023-02-09 10:00:00,173.6646222998711,10,9,2,3
2023-02-09 11:00:00,179.57540402558126,11,9,2,3
2023-02-09 12:00:00,183.64705963156572,12,9,2,3
2023-02-09 13:00:00,184.18456335213847,13,9,2,3
2023-02-09 14:00:00,177.0327612612797,14,9,2,3
2023-02-09 15:00:00,180.7111081623781,15,9,2,3
2023-02-09 16:00:00,162.47771821919528,16,9,2,3
2023-02-09 17:00:00,187.2959461312272,17,9,2,3
2023-02-09 18:00:00,169.96995190626748,18,9,2,3
2023-02-09 19:00:00,179.9707379360783,19,9,2,3
2023-02-09 20:00:00,170.30949449539656,20,9,2,3
2023-02-09 21:00:00,169.61717755295572,21,9,2,3
2023-02-09 22:00:00,169.00225511960593,22,9,2,3
2023-02-09 23:00:00,166.12850798296674,23,9,2,3
2023-02-10 00:00:00,166.52153347027178,0,10,2,4
2023-02-10 01:00:00,171.9286578593891,1,10,2,4
2023-02-10 02:00:00,159.24876360738276,2,10,2,4
2023-02-10 03:00:00,163.12699152632177,3,10,2,4
2023-02-10 04:00:00,154.00310382083055,4,10,2,4
2023-02-10 05:00:00,168.278090834382,5,10,2,4
2023-02-10 06:00:00,146.20496812381583,6,10,2,4
2023-02-10 07:00:00,170.1880566273829,7,10,2,4
2023-02-10 08:00:00,151.10660177608787,8,10,2,4
2023-02-10 09:00:00,136.65140626035287,9,10,2,4
2023-02-10 10:00:00,151.8139994665616,10,10,2,4
2023-02-10 11:00:00,143.4201262318128,11,10,2,4
2023-02-10 12:00:00,158.45941237578168,12,10,2,4
2023-02-10 13:00:00,143.4741627239963,13,10,2,4
2023-02-10 14:00:00,145.61121703948996,14,10,2,4
2023-02-10 15:00:00,131.37533419235183,15,10,2,4
2023-02-10 16:00:00,146.06991460314475,16,10,2,4
2023-02-10 17:00:00,126.80015995098763,17,10,2,4
2023-02-10 18:00:00,135.76852259328533,18,10,2,4
2023-02-10 19:00:00,159.9014931456964,19,10,2,4
2023-02-10 20:00:00,160.96461448924802,20,10,2,4
2023-02-10 21:00:00,158.28789860639307,21,10,2,4
2023-02-10 22:00:00,145.40539447920483,22,10,2,4
2023-02-10 23:00:00,155.7523888526382,23,10,2,4
2023-02-11 00:00:00,157.45744606524332,0,11,2,5
2023-02-11 01:00:00,147.28025055380314,1,11,2,5
2023-02-11 02:00:00,175.37133118963874,2,11,2,5
2023-02-11 03:00:00,170.68375630592172,3,11,2,5
2023-02-11 04:00:00,161.36867237559255,4,11,2,5
2023-02-11 05:00:00,165.60657077012402,5,11,2,5
2023-02-11 06:00:00,169.26774989259056,6,11,2,5
2023-02-11 07:00:00,148.6949699253028,7,11,2,5
2023-02-11 08:00:00,168.64629930412474,8,11,2,5
2023-02-11 09:00:00,166.37631951112144,9,11,2,5
2023-02-11 10:00:00,165.32518055428554,10,11,2,5
2023-02-11 11:00:00,174.73735351970524,11,11,2,5
2023-02-11 12:00:00,197.7884273086234,12,11,2,5
2023-02-11 13:00:00,188.5337578769717,13,11,2,5
2023-02-11 14:00:00,178.77207342880317,14,11,2,5
2023-02-11 15:00:00,192.6070851283652,15,11,2,5
